{
  "project_info": {
    "project_number": "1042071934139",
    "project_id": "sata-dev-project",
    "storage_bucket": "sata-dev-project.firebasestorage.app"
  },
  "client": [
    {
      "client_info": {
        "mobilesdk_app_id": "1:1042071934139:android:ac7e3ace330cd12c74c59e",
        "android_client_info": {
          "package_name": "com.mycompany.satadevproject"
        }
      },
      "oauth_client": [],
      "api_key": [
        {
          "current_key": "AIzaSyDd701hozHjJUK0gVjwyxvkr1DfCKdXbt0"
        }
      ],
      "services": {
        "appinvite_service": {
          "other_platform_oauth_client": []
        }
      }
    }
  ],
  "configuration_version": "1"
}